-- Insert Streams (applicable to all semesters)
INSERT INTO public.streams (name, description) VALUES
('All', 'General courses applicable to all streams'),
('Computer Science and Engineering', 'Courses specific to CSE stream'),
('Computer Science and AI', 'Courses specific to CS and AI stream'),
('Computer Science and Design', 'Courses specific to CS and Design stream'),
('Electronics & Communication Engineering', 'Courses specific to ECE stream'),
('Computer Science and Social Sciences', 'Courses specific to CS and Social Sciences stream')
ON CONFLICT (name) DO NOTHING;

-- Semester 1 Courses
INSERT INTO public.courses (id, code, name, credits, stream_id, semester, description)
VALUES
('CSE101', 'CSE101', 'Introduction to Programming', 4, (SELECT id FROM streams WHERE name = 'All'), 1, 'Introduction to programming concepts with Python'),
('MTH100', 'MTH100', 'Mathematics I: Linear Algebra', 4, (SELECT id FROM streams WHERE name = 'All'), 1, 'Introduction to Linear Algebra and Matrices'),
('COM101', 'COM101', 'Communication Skills', 4, (SELECT id FROM streams WHERE name = 'All'), 1, 'Introduction to Communication Skills and Group Discussions'),
('DES102', 'DES102', 'Introduction to HCI', 4, (SELECT id FROM streams WHERE name = 'All'), 1, 'Introduction to Human Computer Interaction'),
('ECE111', 'ECE111', 'Digital Circuits', 4, (SELECT id FROM streams WHERE name = 'All'), 1, 'Introduction to Digital Circuits and Gates')
ON CONFLICT (id) DO NOTHING;

-- Semester 1 Prerequisites (basic prerequisites might require further definition as courses)
INSERT INTO public.course_prerequisites (course_id, prerequisite_id)
VALUES
('CSE101', null),
('MTH100', null),
('COM101', null),
('DES102', null),
('ECE111', null)
ON CONFLICT (course_id, prerequisite_id) DO NOTHING;

-- Semester 1 Course Schedules
INSERT INTO public.course_schedules (course_id, day, start_time, end_time)
VALUES
('CSE101', 'Monday', '09:30', '11:00'),
('CSE101', 'Wednesday', '09:30', '11:00'),
('MTH100', 'Monday', '11:00', '12:00'),
('MTH100', 'Wednesday', '11:00', '12:00'),
('MTH100', 'Friday', '09:30', '10:30'),
('COM101', 'Thursday', '15:00', '18:00'),
('DES102', 'Tuesday', '09:30', '11:00'),
('DES102', 'Thursday', '09:30', '11:00'),
('ECE111', 'Tuesday', '11:00', '12:00'),
('ECE111', 'Thursday', '11:00', '12:00'),
('ECE111', 'Friday', '11:00', '12:00')
ON CONFLICT DO NOTHING;

-- Semester 2 Courses
INSERT INTO public.courses (id, code, name, credits, stream_id, semester, description)
VALUES
('BIO102', 'BIO102', 'Foundations of Biology I', 4, (SELECT id FROM streams WHERE name = 'All'), 2, 'Introduction to Fundamental Biological Concepts'),
('CSE102A', 'CSE102A', 'Data Structures and Algorithms (Sec A)', 4, (SELECT id FROM streams WHERE name = 'Computer Science and Engineering'), 2, 'Introduction to Data structures and Algorithms'),
('CSE102B', 'CSE102B', 'Data Structures and Algorithms (Sec B)', 4, (SELECT id FROM streams WHERE name = 'Computer Science and Engineering'), 2, 'Introduction to Data Structures and Algorithms'),
('CSE112A', 'CSE112A', 'Computer Organisation (Sec A)', 4, (SELECT id FROM streams WHERE name = 'Computer Science and Engineering'), 2, 'Introduction to Computer Organization'),
('CSE112B', 'CSE112B', 'Computer Organisation (Sec B)', 4, (SELECT id FROM streams WHERE name = 'Computer Science and Engineering'), 2, 'Introduction to Computer Organization'),
('CSE140', 'CSE140', 'Introduction to Intelligent Systems', 4, (SELECT id FROM streams WHERE name = 'Computer Science and AI'), 2, 'Introduction to intelligent systems'),
('DES101', 'DES101', 'Design Drawing and Visualization', 4, (SELECT id FROM streams WHERE name = 'Computer Science and Design'), 2, 'Introduction to Design Drawing and Visualization'),
('DES202', 'DES202', 'Visual Design & Communication', 4, (SELECT id FROM streams WHERE name = 'Computer Science and Design'), 2, 'Introduction to Visual Design and Communication'),
('ECE113A', 'ECE113A', 'Basic Electronics (Sec A)', 4, (SELECT id FROM streams WHERE name = 'Electronics & Communication Engineering'), 2, 'Introduction to Basic Electronics'),
('ECE113B', 'ECE113B', 'Basic Electronics (Sec B)', 4, (SELECT id FROM streams WHERE name = 'Electronics & Communication Engineering'), 2, 'Introduction to Basic Electronics'),
('ECO223', 'ECO223', 'Money and Banking', 4, (SELECT id FROM streams WHERE name = 'Computer Science and Social Sciences'), 2, 'Introduction to Money and Banking'),
('MTH201A', 'MTH201A', 'Probability and Statistics (Sec A)', 4, (SELECT id FROM streams WHERE name = 'All'), 2, 'Introduction to Probability and Statistics'),
('MTH201B', 'MTH201B', 'Probability and Statistics (Sec B)', 4, (SELECT id FROM streams WHERE name = 'All'), 2, 'Introduction to Probability and Statistics'),
('SOC101', 'SOC101', 'Introduction to Sociology and Anthropology', 4, (SELECT id FROM streams WHERE name = 'Computer Science and Social Sciences'), 2, 'Introduction to Sociology and Anthropology'),
('SSH101', 'SSH101', 'Critical Thinking and Readings in Social Sciences', 4, (SELECT id FROM streams WHERE name = 'All'), 2, 'Introduction to Critical Thinking and Readings in Social Sciences')
ON CONFLICT (id) DO NOTHING;

-- Semester 2 Prerequisites
INSERT INTO public.course_prerequisites (course_id, prerequisite_id)
VALUES
('CSE102A', 'CSE101'),
('CSE102B', 'CSE101'),
('CSE112A', 'ECE111'),
('CSE112B', 'ECE111'),
('CSE140', 'CSE102A'),
('CSE140', 'CSE102B'),
('DES202', 'DES101'),
('ECE113A', 'ECE111'),
('ECE113B', 'ECE111'),
('ECO223', 'SSH101'),
('MTH201A', 'MTH100'),
('MTH201B', 'MTH100'),
('SOC101', 'SSH101'),
('SSH101', 'COM101')
ON CONFLICT (course_id, prerequisite_id) DO NOTHING;

-- Semester 2 Course Schedules
INSERT INTO public.course_schedules (course_id, day, start_time, end_time)
VALUES
('BIO102', 'Monday', '11:00', '12:00'),
('BIO102', 'Wednesday', '11:00', '12:00'),
('BIO102', 'Thursday', '11:00', '12:00'),
('CSE102A', 'Wednesday', '09:30', '11:00'),
('CSE102A', 'Friday', '11:00', '12:30'),
('CSE102B', 'Wednesday', '09:30', '11:00'),
('CSE102B', 'Friday', '11:00', '12:30'),
('CSE112A', 'Tuesday', '09:30', '11:00'),
('CSE112A', 'Thursday', '09:30', '11:00'),
('CSE112B', 'Tuesday', '09:30', '11:00'),
('CSE112B', 'Thursday', '09:30', '11:00'),
('CSE140', 'Tuesday', '11:00', '12:30'),
('CSE140', 'Thursday', '11:00', '12:30'),
('DES101', 'Monday', '11:00', '12:30'),
('DES101', 'Wednesday', '11:00', '12:30'),
('DES202', 'Tuesday', '11:00', '12:30'),
('DES202', 'Thursday', '11:00', '12:30'),
('ECE113A', 'Tuesday', '11:00', '12:30'),
('ECE113A', 'Thursday', '11:00', '12:30'),
('ECE113B', 'Tuesday', '11:00', '12:30'),
('ECE113B', 'Thursday', '11:00', '12:30'),
('ECO223', 'Monday', '15:00', '16:30'),
('ECO223', 'Wednesday', '15:00', '16:30'),
('MTH201A', 'Tuesday', '15:00', '16:30'),
('MTH201A', 'Thursday', '15:00', '16:30'),
('MTH201B', 'Tuesday', '15:00', '16:30'),
('MTH201B', 'Thursday', '15:00', '16:30'),
('SOC101', 'Monday', '15:00', '16:30'),
('SOC101', 'Wednesday', '15:00', '16:30'),
('SSH101', 'Monday', '11:00', '12:30'),
('SSH101', 'Wednesday', '11:00', '12:30')
ON CONFLICT DO NOTHING;

-- Semester 3 Courses
INSERT INTO public.courses (id, code, name, credits, stream_id, semester, description)
VALUES
('BIO211', 'BIO211', 'Cell Biology and Biochemistry', 4, (SELECT id FROM streams WHERE name = 'All'), 3, 'Basic understanding of Cell Biology and Biochemistry'),
('BIO214', 'BIO214', 'Genetics and Molecular Biology', 4, (SELECT id FROM streams WHERE name = 'All'), 3, 'Introduction to Genetics and Molecular Biology'),
('CSE121', 'CSE121', 'Discrete Mathematics', 4, (SELECT id FROM streams WHERE name = 'Computer Science and Social Sciences'), 3, 'Introduction to Discrete Mathematics'),
('CSE201A', 'CSE201A', 'Advance Programming (Sec A)', 4, (SELECT id FROM streams WHERE name = 'All'), 3, 'Introduction to Advanced Programming'),
('CSE201B', 'CSE201B', 'Advance Programming (Sec B)', 4, (SELECT id FROM streams WHERE name = 'All'), 3, 'Introduction to Advanced Programming'),
('CSE231A', 'CSE231A', 'Operating Systems (Sec A)', 4, (SELECT id FROM streams WHERE name = 'All'), 3, 'Introduction to Operating Systems'),
('CSE231B', 'CSE231B', 'Operating Systems (Sec B)', 4, (SELECT id FROM streams WHERE name = 'All'), 3, 'Introduction to Operating Systems'),
('DES201', 'DES201', 'Design Processes and Perspectives', 4, (SELECT id FROM streams WHERE name = 'All'), 3, 'Introduction to Design Processes and Perspectives'),
('MTH203A', 'MTH203A', 'Maths 3: Multivariate Calculus (Sec A)', 4, (SELECT id FROM streams WHERE name = 'All'), 3, 'Introduction to Multivariate Calculus'),
('MTH203B', 'MTH203B', 'Maths 3: Multivariate Calculus (Sec B)', 4, (SELECT id FROM streams WHERE name = 'All'), 3, 'Introduction to Multivariate Calculus'),
('MTH210', 'MTH210', 'Discrete Structures', 4, (SELECT id FROM streams WHERE name = 'All'), 3, 'Introduction to Discrete Structures'),
('MTH211', 'MTH211', 'Number Theory', 4, (SELECT id FROM streams WHERE name = 'Computer Science and Engineering'), 3, 'Introduction to Number Theory'),
('MTH240', 'MTH240', 'Real Analysis I', 4, (SELECT id FROM streams WHERE name = 'Computer Science and Engineering'), 3, 'Introduction to Real Analysis'),
('ECE215', 'ECE215', 'Circuit Theory and Devices', 4, (SELECT id FROM streams WHERE name = 'Electronics & Communication Engineering'), 3, 'Introduction to Circuit Theory and Devices'),
('ECE250', 'ECE250', 'Signals and Systems', 4, (SELECT id FROM streams WHERE name = 'Electronics & Communication Engineering'), 3, 'Introduction to Signals and Systems'),
('MTH270', 'MTH270', 'Embedded Logic and Design', 4, (SELECT id FROM streams WHERE name = 'Electronics & Communication Engineering'), 3, 'Introduction to Embedded Logic and Design'),
('SSH201', 'SSH201', 'Research Methods in Social Science and Design', 4, (SELECT id FROM streams WHERE name = 'Computer Science and Social Sciences'), 3, 'Introduction to Research Methods in Social Science and Design'),
('ENT201', 'ENT201', 'Foundations of Entrepreneurship', 4, (SELECT id FROM streams WHERE name = 'All'), 3, 'Introduction to Foundations of Entrepreneurship'),
('ENT202', 'ENT202', 'Social Entrepreneurship', 4, (SELECT id FROM streams WHERE name = 'All'), 3, 'Introduction to Social Entrepreneurship'),
('SSH240', 'SSH240', 'Politics in Digital Era', 4, (SELECT id FROM streams WHERE name = 'All'), 3, 'Introduction to Politics in Digital Era'),
('SOC216', 'SOC216', 'Political Anthropology: State, Subject, Power', 4, (SELECT id FROM streams WHERE name = 'All'), 3, 'Introduction to Political Anthropology: State, Subject, Power'),
('SSH221', 'SSH221', 'Social & Political Philosophy', 4, (SELECT id FROM streams WHERE name = 'All'), 3, 'Introduction to Social & Political Philosophy')
ON CONFLICT (id) DO NOTHING;

-- Semester 3 Prerequisites (basic prerequisites might require further definition as courses)
INSERT INTO public.course_prerequisites (course_id, prerequisite_id)
VALUES
('BIO211', NULL),
('BIO214', NULL),
('CSE121', NULL),
('CSE201A', 'CSE101'),
('CSE201A', 'CSE102A'),
('CSE201A', 'CSE102B'),
('CSE201B', 'CSE101'),
('CSE201B', 'CSE102A'),
('CSE201B', 'CSE102B'),
('CSE231A', 'CSE102A'),
('CSE231A', 'CSE102B'),
('CSE231B', 'CSE102A'),
('CSE231B', 'CSE102B'),
('DES201', 'DES202'),
('MTH203A', 'MTH203B'),
('MTH203B', 'MTH203A'),
('MTH210', NULL),
('MTH211', NULL),
('MTH240', NULL),
('ECE215', NULL),
('ECE250', 'MTH100'),
('MTH270', NULL),
('SSH201', 'SSH101'),
('ENT201', NULL),
('ENT202', 'MTH203B'),
('SSH240', NULL),
('SOC216', NULL),
('SSH221', NULL)
ON CONFLICT (course_id, prerequisite_id) DO NOTHING;

-- Semester 3 Course Schedules
INSERT INTO public.course_schedules (course_id, day, start_time, end_time)
VALUES
('BIO211', 'Tuesday', '11:00', '12:30'),
('BIO211', 'Friday', '11:00', '12:30'),
('BIO214', 'Monday', '9:30', '11:00'),
('BIO214', 'Wednesday', '9:30', '11:00'),
('CSE121', 'Monday', '9:30', '11:00'),
('CSE121', 'Wednesday', '9:30', '11:00'),
('CSE201A', 'Monday', '15:00', '16:30'),
('CSE201A', 'Wednesday', '15:00', '16:30'),
('CSE201B', 'Monday', '15:00', '16:30'),
('CSE201B', 'Wednesday', '15:00', '16:30'),
('CSE231A', 'Tuesday', '15:00', '16:30'),
('CSE231A', 'Thursday', '15:00', '16:30'),
('CSE231B', 'Tuesday', '15:00', '16:30'),
('CSE231B', 'Thursday', '15:00', '16:30'),
('DES201', 'Monday', '11:00', '12:30'),
('DES201', 'Thursday', '11:00', '12:30'),
('MTH203A', 'Tuesday', '16:30', '18:00'),
('MTH203A', 'Thursday', '16:30', '18:00'),
('MTH203B', 'Tuesday', '16:30', '18:00'),
('MTH203B', 'Thursday', '16:30', '18:00'),
('MTH210', 'Monday', '9:30', '11:00'),
('MTH210', 'Wednesday', '9:30', '11:00'),
('MTH211', 'Tuesday', '11:00', '12:30'),
('MTH211', 'Thursday', '11:00', '12:30'),
('MTH240', 'Tuesday', '9:30', '11:00'),
('MTH240', 'Thursday', '9:30', '11:00'),
('ECE215', 'Monday', '9:30', '11:00'),
('ECE215', 'Wednesday', '9:30', '11:00'),
('ECE250', 'Wednesday', '11:00', '12:30'),
('ECE250', 'Friday', '9:30', '11:00'),
('MTH270', 'Tuesday', '15:00', '16:30'),
('MTH270', 'Thursday', '15:00', '16:30'),
('SSH201', 'Tuesday', '11:00', '12:30'),
('SSH201', 'Friday', '11:00', '12:30'),
('ENT201', 'Wednesday', '11:00', '12:30'),
('ENT201', 'Friday', '9:30', '11:00'),
('ENT202', 'Monday', '16:30', '18:00'),
('ENT202', 'Wednesday', '16:30', '18:00'),
('SSH240', 'Monday', '16:30', '18:00'),
('SSH240', 'Wednesday', '16:30', '18:00'),
('SOC216', 'Monday', '16:30', '18:00'),
('SOC216', 'Wednesday', '16:30', '18:00'),
('SSH221', 'Monday', '16:30', '18:00'),
('SSH221', 'Wednesday', '16:30', '18:00')
ON CONFLICT DO NOTHING;

-- Semester 4 Courses
INSERT INTO public.courses (id, code, name, credits, stream_id, semester, description)
VALUES
('BIO221', 'BIO221', 'Practical Bioinformatics', 4, (SELECT id FROM streams WHERE name = 'Computer Science and Biology'), 4, 'Introduction to Practical Bioinformatics'),
('CSE202A', 'CSE202A', 'Fundamentals of Database Systems (Sec A)', 4, (SELECT id FROM streams WHERE name = 'Computer Science and Engineering'), 4, 'Introduction to Database Concepts and Design'),
('CSE202B', 'CSE202B', 'Fundamentals of Database Systems (Sec B)', 4, (SELECT id FROM streams WHERE name = 'Computer Science and Engineering'), 4, 'Introduction to Database Concepts and Design'),
('CSE222A', 'CSE222A', 'Analysis and Design of Algorithms (Sec A)', 4, (SELECT id FROM streams WHERE name = 'Computer Science and Engineering'), 4, 'Advanced algorithmic techniques'),
('CSE222B', 'CSE222B', 'Analysis and Design of Algorithms (Sec B)', 4, (SELECT id FROM streams WHERE name = 'Computer Science and Engineering'), 4, 'Advanced algorithmic techniques'),
('CSE322', 'CSE322', 'Theory of Computation', 4, (SELECT id FROM streams WHERE name = 'Computer Science and Engineering'), 4, 'Fundamental theory of computation concepts'),
('CSE342', 'CSE342', 'Statistical Machine Learning', 4, (SELECT id FROM streams WHERE name = 'Computer Science and Engineering'), 4, 'Introduction to Statistical Machine Learning'),
('ECE356', 'ECE356', 'Statistical Machine Learning', 4, (SELECT id FROM streams WHERE name = 'Computer Science and Engineering'), 4, 'Introduction to Statistical Machine Learning'),
('DES205', 'DES205', 'Design of Interactive Systems', 4, (SELECT id FROM streams WHERE name = 'Computer Science and Design'), 4, 'Introduction to design of interactive systems'),
('DES206', 'DES206', 'Prototyping Interactive Systems', 4, (SELECT id FROM streams WHERE name = 'Computer Science and Design'), 4, 'Introduction to prototyping interactive systems'),
('ECE214', 'ECE214', 'Integrated Electronics', 4, (SELECT id FROM streams WHERE name = 'Electronics & Communication Engineering'), 4, 'Advanced Electronics Concepts'),
('ECE230', 'ECE230', 'Fields and Waves', 4, (SELECT id FROM streams WHERE name = 'Electronics & Communication Engineering'), 4, 'Introduction to fields and waves'),
('ECE240', 'ECE240', 'Principles of Communication Systems', 4, (SELECT id FROM streams WHERE name = 'Electronics & Communication Engineering'), 4, 'Introduction to principles of communication systems'),
('ECE210', 'ECE210', 'Physics of Semiconductor Devices', 4, (SELECT id FROM streams WHERE name = 'Electronics & Communication Engineering'), 4, 'Introduction to physics of semiconductor devices'),
('ECE211', 'ECE211', 'Electronic System Design', 4, (SELECT id FROM streams WHERE name = 'Electronics & Communication Engineering'), 4, 'Introduction to electronic system design'),
('MTH204A', 'MTH204A', 'Maths IV - ODE/PDE (Sec A)', 4, (SELECT id FROM streams WHERE name = 'All'), 4, 'Introduction to ordinary differential equations and partial differential equations'),
('MTH204B', 'MTH204B', 'Maths IV - ODE/PDE (Sec B)', 4, (SELECT id FROM streams WHERE name = 'All'), 4, 'Introduction to ordinary differential equations and partial differential equations'),
('MTH212', 'MTH212', 'Abstract Algebra I', 4, (SELECT id FROM streams WHERE name = 'Computer Science and Applied Mathematics'), 4, 'Introduction to Abstract Algebra'),
('MTH300', 'MTH300', 'Introduction to Mathematical Logic', 4, (SELECT id FROM streams WHERE name = 'Computer Science and Artificial Intelligence'), 4, 'Introduction to Mathematical Logic'),
('MTH310', 'MTH310', 'Graph Theory', 4, (SELECT id FROM streams WHERE name = 'Computer Science and Artificial Intelligence'), 4, 'Introduction to Graph Theory'),
('MTH372', 'MTH372', 'Statistical Inference', 4, (SELECT id FROM streams WHERE name = 'Computer Science and Artificial Intelligence'), 4, 'Introduction to statistical inference'),
('MTH374', 'MTH374', 'Linear Optimization', 4, (SELECT id FROM streams WHERE name = 'Computer Science and Artificial Intelligence'), 4, 'Introduction to linear optimization'),
('MTH377', 'MTH377', 'Convex Optimization', 4, (SELECT id FROM streams WHERE name = 'Computer Science and Social Sciences'), 4, 'Introduction to convex optimization'),
('ECO221', 'ECO221', 'Econometrics I', 4, (SELECT id FROM streams WHERE name = 'Computer Science and Social Sciences'), 4, 'Introduction to econometrics'),
('SOC213', 'SOC213', 'Introduction to Digital Ethnography', 4, (SELECT id FROM streams WHERE name = 'Computer Science and Social Sciences'), 4, 'Introduction to digital ethnohraphy'),
('SSH215', 'SSH215', 'Nation and her Narratives', 4, (SELECT id FROM streams WHERE name = 'All'), 4, 'Nation and her narratives'),
('SSH325', 'SSH325', 'Ethics in AI', 4, (SELECT id FROM streams WHERE name = 'All'), 4, 'Introduction to ethics in AI'),
('SOC210', 'SOC210', 'Sociological Theory', 4, (SELECT id FROM streams WHERE name = 'All'), 4, 'Introduction to sociological theory'),
('ESC207', 'ESC207', 'Ecology, Evolution, and Environment', 4, (SELECT id FROM streams WHERE name = 'All'), 4, 'Introduction to ecology, evolution, and environment'),
('ECO324', 'ECO324', 'Spatial Statistics and Spatial Econometrics', 4, (SELECT id FROM streams WHERE name = 'All'), 4, 'Introduction to spatial statistics and spatial econometrics'),
('ECO524', 'ECO524', 'Spatial Statistics and Spatial Econometrics', 4, (SELECT id FROM streams WHERE name = 'All'), 4, 'Introduction to spatial statistics and spatial econometrics'),
('SOC309', 'SOC309', 'Image Screen Interface', 4, (SELECT id FROM streams WHERE name = 'All'), 4, 'Introduction to image screen interface'),
('SSH322', 'SSH322', 'Philosophy of Technology', 4, (SELECT id FROM streams WHERE name = 'All'), 4, 'Introduction to philosophy of technology'),
('SSH522', 'SSH522', 'Philosophy of Technology', 4, (SELECT id FROM streams WHERE name = 'All'), 4, 'Introduction to philosophy of technology'),
('PSY302', 'PSY302', 'Social Psychology', 4, (SELECT id FROM streams WHERE name = 'All'), 4, 'Introduction to social psychology'),
('ENT304', 'ENT304', 'Digital Technologies and Social Entrereneurship', 4, (SELECT id FROM streams WHERE name = 'All'), 4, 'Introduction to digital technologies and social entrepreneurship'),
('ENT305', 'ENT305', 'Social Innovation, Corporate Social Responsibility, and Sustainable Development', 4, (SELECT id FROM streams WHERE name = 'All'), 4, 'Introduction to social innovation, corporate social responsibility, and sustainable development')
ON CONFLICT (id) DO NOTHING;

-- Semester 4 Prerequisites (basic prerequisites might require further definition as courses)
INSERT INTO public.course_prerequisites (course_id, prerequisite_id)
VALUES
('BIO221', NULL),
('CSE202A', 'CSE102A'),
('CSE202A', 'CSE102B'),
('CSE202B', 'CSE102A'),
('CSE202B', 'CSE102B'),
('CSE222A', 'CSE102A'),
('CSE222A', 'CSE102B'),
('CSE222B', 'CSE102A'),
('CSE222B', 'CSE102B'),
('CSE322', 'CSE102A'),
('CSE322', 'CSE102B'),
('CSE342', 'CSE102A'),
('CSE342', 'CSE102B'),
('ECE356', 'CSE102A'),
('ECE356', 'CSE102B'),
('DES205', 'DES101'),
('DES206', 'DES101'),
('ECE214', 'ECE113A'),
('ECE214', 'ECE113B'),
('ECE230', 'ECE113A'),
('ECE230', 'ECE113B'),
('ECE240', 'ECE113A'),
('ECE240', 'ECE113B'),
('ECE210', 'ECE113A'),
('ECE210', 'ECE113B'),
('ECE211', 'ECE113A'),
('ECE211', 'ECE113B'),
('MTH204A', 'MTH204B'),
('MTH204A', 'MTH203A'),
('MTH204A', 'MTH203B'),
('MTH204B', 'MTH204A'),
('MTH204B', 'MTH203A'),
('MTH204B', 'MTH203B'),
('MTH212', NULL),
('MTH300', NULL),
('MTH310', NULL),
('MTH372', NULL),
('MTH374', NULL),
('MTH377', NULL),
('ECO221', 'MTH201A'),
('ECO221', 'MTH201B'),
('SOC213', NULL),
('SSH215', NULL),
('SSH325', NULL),
('SOC210', NULL),
('ESC207', NULL),
('ECO324', NULL),
('ECO524', NULL),
('SOC309', NULL),
('SSH322', NULL),
('SSH522', NULL),
('PSY302', NULL),
('ENT304', NULL),
('ENT305', NULL)
ON CONFLICT (course_id, prerequisite_id) DO NOTHING;

-- Semester 4 Course Schedules
INSERT INTO public.course_schedules (course_id, day, start_time, end_time)
VALUES
('BIO221', 'Tuesday', '9:30', '11:00'),
('BIO221', 'Friday', '9:30', '11:00'),
('CSE202A', 'Monday', '11:00', '12:30'),
('CSE202A', 'Wednesday', '11:00', '12:30'),
('CSE202B', 'Monday', '11:00', '12:30'),
('CSE202B', 'Wednesday', '11:00', '12:30'),
('CSE222A', 'Monday', '15:00', '16:30'),
('CSE222A', 'Wednesday', '15:00', '16:30'),
('CSE222B', 'Monday', '15:00', '16:30'),
('CSE222B', 'Wednesday', '15:00', '16:30'),
('CSE322', 'Tuesday', '15:00', '16:30'),
('CSE322', 'Thursday', '15:00', '16:30'),
('CSE342', 'Monday', '9:30', '11:00'),
('CSE342', 'Thursday', '9:30', '11:00'),
('ECE356', 'Monday', '9:30', '11:00'),
('ECE356', 'Thursday', '9:30', '11:00'),
('DES205', 'Wednesday', '9:30', '11:00'),
('DES205', 'Friday', '11:00', '12:30'),
('DES206', 'Tuesday', '15:00', '16:00'),
('DES206', 'Thursday', '15:00', '16:00'),
('ECE214', 'Tuesday', '15:00', '16:30'),
('ECE214', 'Thursday', '15:00', '16:30'),
('ECE230', 'Monday', '11:00', '12:30'),
('ECE230', 'Wednesday', '11:00', '12:30'),
('ECE240', 'Tuesday', '9:30', '11:00'),
('ECE240', 'Friday', '9:30', '11:00'),
('ECE210', 'Monday', '9:30', '11:00'),
('ECE210', 'Thursday', '9:30', '11:00'),
('ECE211', 'Tuesday', '9:30', '11:00'),
('ECE211', 'Friday', '9:30', '11:00'),
('MTH204A', 'Tuesday', '11:00', '12:30'),
('MTH204A', 'Thursday', '11:00', '12:30'),
('MTH204B', 'Tuesday', '11:00', '12:30'),
('MTH204B', 'Thursday', '11:00', '12:30'),
('MTH212', 'Wednesday', '9:30', '11:00'),
('MTH212', 'Friday', '11:00', '12:30'),
('MTH300', 'Tuesday', '11:00', '12:30'),
('MTH300', 'Thursday', '11:00', '12:30'),
('MTH310', 'Monday', '9:30', '11:00'),
('MTH310', 'Thursday', '9:30', '11:00'),
('MTH372', 'Monday', '9:30', '11:00'),
('MTH372', 'Thursday', '9:30', '11:00'),
('MTH374', 'Monday', '16:30', '18:00'),
('MTH374', 'Wednesday', '16:30', '18:00'),
('MTH377', 'Wednesday', '9:30', '11:00'),
('MTH377', 'Friday', '11:00', '12:30'),
('ECO221', 'Tuesday', '15:00', '16:30'),
('ECO221', 'Thursday', '15:00', '16:30'),
('SOC213', 'Tuesday', '16:30', '18:00'),
('SOC213', 'Thursday', '16:30', '18:00'),
('SSH215', 'Tuesday', '16:30', '18:00'),
('SSH215', 'Thursday', '16:30', '18:00'),
('SSH325', 'Tuesday', '11:00', '12:30'),
('SSH325', 'Thursday', '11:00', '12:30'),
('SOC210', 'Monday', '16:30', '18:00'),
('SOC210', 'Wednesday', '16:30', '18:00'),
('ESC207', 'Monday', '13:30', '15:00'),
('ECO324', 'Tuesday', '16:30', '18:00'),
('ECO324', 'Thursday', '16:30', '18:00'),
('ECO524', 'Tuesday', '16:30', '18:00'),
('ECO524', 'Thursday', '16:30', '18:00'),
('SOC309', 'Tuesday', '16:30', '18:00'),
('SOC309', 'Thursday', '16:30', '18:00'),
('SSH322', 'Monday', '16:30', '18:00'),
('SSH322', 'Wednesday', '16:30', '18:00'),
('SSH522', 'Monday', '16:30', '18:00'),
('SSH522', 'Wednesday', '16:30', '18:00'),
('PSY302', 'Monday', '16:30', '18:00'),
('PSY302', 'Wednesday', '16:30', '18:00'),
('ENT304', 'Tuesday', '16:30', '18:00'),
('ENT304', 'Thursday', '16:30', '18:00'),
('ENT305', 'Monday', '16:30', '18:00'),
('ENT305', 'Wednesday', '16:30', '18:00')
ON CONFLICT DO NOTHING;

-- Semester 5 Courses
INSERT INTO public.courses (id, code, name, credits, stream_id, semester, description)
VALUES
('CSE320', 'CSE320', 'Advanced Algorithms', 4, (SELECT id FROM streams WHERE name = 'Computer Science and Engineering'), 5, 'Study of Advanced Algorithms'),
('CSE530', 'CSE530', 'Computational Methods in Game Theory', 4, (SELECT id FROM streams WHERE name = 'Computer Science and Engineering'), 5, 'Study of computational techniques applied to game theory problems'),
('CSE502', 'CSE502', 'Artificial Intelligence', 4, (SELECT id FROM streams WHERE name = 'Computer Science and Engineering'), 5, 'Introduction to artificial intelligence concepts and techniques'),
('CSE507', 'CSE507', 'Trustworthy Deep Learning', 4, (SELECT id FROM streams WHERE name = 'Computer Science and Engineering'), 5, 'Techniques for ensuring trustworthiness and robustness in deep learning models'),
('SSH614', 'SSH614', 'Water and Nature', 4, (SELECT id FROM streams WHERE name = 'Computer Science and Social Sciences'), 5, 'Exploration of water resources, nature conservation, and sustainability'),
('ECE518', 'ECE518', 'Modern Digital Communications', 4, (SELECT id FROM streams WHERE name = 'Electronics & Communication Engineering'), 5, 'Study of modern digital communication systems and techniques'),
('ECE550', 'ECE550', 'Language and Speech Technology', 4, (SELECT id FROM streams WHERE name = 'Electronics & Communication Engineering'), 5, 'Study of speech and language processing techniques in AI'),
('MTH541', 'MTH541', 'Quantum Mechanics', 4, (SELECT id FROM streams WHERE name = 'Computer Science and Applied Mathematics'), 5, 'Fundamentals of quantum mechanics and applications in computing'),
('CSE535', 'CSE535', 'Legal and AI Ethics', 4, (SELECT id FROM streams WHERE name = 'Computer Science and Engineering'), 5, 'Exploration of legal and ethical considerations in AI systems'),
('ECE512', 'ECE512', 'Advanced Electromagnetic Radiation & Metamaterials', 4, (SELECT id FROM streams WHERE name = 'Electronics & Communication Engineering'), 5, 'Study of electromagnetic wave propagation and metamaterials'),
('ECE509', 'ECE509', 'Instrumentation and Measurement', 4, (SELECT id FROM streams WHERE name = 'Electronics & Communication Engineering'), 5, 'Techniques for measurement and instrumentation in engineering systems'),
('BIO361', 'BIO361', 'Biophysics', 4, (SELECT id FROM streams WHERE name = 'Computer Science & Biosciences'), 5, 'Study of physical principles in biological systems'),
('CSE546', 'CSE546', 'Applied Cryptography', 4, (SELECT id FROM streams WHERE name = 'Computer Science and Engineering'), 5, 'Explores cryptographic techniques and their real-world applications'),
('CSE634', 'CSE634', 'Algorithmic Techniques for Robot Planning', 4, (SELECT id FROM streams WHERE name = 'Computer Science and Engineering'), 5, 'Study of motion planning and optimization for robotic applications'),
('DES534', 'DES534', 'Extended Reality in Industry', 4, (SELECT id FROM streams WHERE name = 'Computer Science and Design'), 5, 'Explores AR/VR applications in industrial contexts'),
('ECE677', 'ECE677', 'Advances in Deep Learning', 4, (SELECT id FROM streams WHERE name = 'Electronics & Communication Engineering'), 5, 'Advanced topics in deep learning including generative models'),
('ECE524', 'ECE524', 'Quantum Materials & Devices', 4, (SELECT id FROM streams WHERE name = 'Electronics & Communication Engineering'), 5, 'Study of materials and devices used in quantum computing'),
('MTH523', 'MTH523', 'Probabilistic Methods in Combinatorics', 4, (SELECT id FROM streams WHERE name = 'Computer Science and Applied Mathematics'), 5, 'Introduction to probabilistic techniques in combinatorial mathematics'),
('SSH513', 'SSH513', 'Enhancement Technologies and the Body: Beyond the Human Form', 4, (SELECT id FROM streams WHERE name = 'Computer Science and Social Sciences'), 5, 'Exploration of human enhancement technologies and ethical implications'),
('ECO301', 'ECO301', 'Microeconomics', 4, (SELECT id FROM streams WHERE name = 'Computer Science and Social Sciences'), 5, 'Study of fundamental economic principles and market behaviors'),
('BIO551A', 'BIO551A', 'Programming for Computational Biologists', 4, (SELECT id FROM streams WHERE name = 'Computer Science & Biosciences'), 5, 'Introduction to programming techniques for bioinformatics and computational biology'),
('CSE512', 'CSE512', 'Computational Methods', 4, (SELECT id FROM streams WHERE name = 'Computer Science and Engineering'), 5, 'Study of numerical and computational techniques for problem-solving'),
('CSE514', 'CSE514', 'Computer Graphics', 4, (SELECT id FROM streams WHERE name = 'Computer Science and Engineering'), 5, 'Fundamentals of computer graphics, rendering, and visualization techniques'),
('CSE521', 'CSE521', 'Deep Learning and Machine Learning', 4, (SELECT id FROM streams WHERE name = 'Computer Science and Engineering'), 5, 'Introduction to deep learning architectures and applications in machine learning'),
('ECE533', 'ECE533', 'Parallel Algorithms', 4, (SELECT id FROM streams WHERE name = 'Electronics & Communication Engineering'), 5, 'Study of parallel computation techniques and multi-threaded programming'),
('ECE523', 'ECE523', 'Bayesian Artificial Intelligence', 4, (SELECT id FROM streams WHERE name = 'Electronics & Communication Engineering'), 5, 'Study of Bayesian inference methods in AI applications'),
('ECE511', 'ECE511', 'Advanced Digital Design and Verification', 4, (SELECT id FROM streams WHERE name = 'Electronics & Communication Engineering'), 5, 'Exploration of digital design methodologies and hardware verification techniques'),
('ECE542', 'ECE542', 'Digital Image Processing', 4, (SELECT id FROM streams WHERE name = 'Electronics & Communication Engineering'), 5, 'Fundamentals of image processing and computer vision techniques'),
('DES522', 'DES522', 'Principles of Responsible Product Design', 4, (SELECT id FROM streams WHERE name = 'Computer Science and Design'), 5, 'Study of responsible and sustainable design practices'),
('MTH531', 'MTH531', 'Computational Modeling Methods', 4, (SELECT id FROM streams WHERE name = 'Computer Science and Applied Mathematics'), 5, 'Study of computational techniques used in scientific modeling'),
('SSH623', 'SSH623', 'Technology and Future Work', 4, (SELECT id FROM streams WHERE name = 'Computer Science and Social Sciences'), 5, 'Exploration of future work practices and the role of technology'),
('BIO542', 'BIO542', 'Machine Learning for Biomedical Applications', 4, (SELECT id FROM streams WHERE name = 'Computer Science & Biosciences'), 5, 'Introduction to machine learning and its applications in biomedical science'),
('CSE232', 'CSE232', 'Computer Networks', 4, (SELECT id FROM streams WHERE name = 'Computer Science and Engineering'), 5, 'Fundamentals of computer networks, protocols, and data communication'),
('DES522', 'DES522', 'Inclusive Design, Universal Design & Accessibility', 4, (SELECT id FROM streams WHERE name = 'Computer Science and Design'), 5, 'Understanding inclusive and accessible design principles'),
('ECE551', 'ECE551', 'Bayesian Machine Learning', 4, (SELECT id FROM streams WHERE name = 'Electronics & Communication Engineering'), 5, 'Introduction to Bayesian methods in machine learning'),
('MTH340', 'MTH340', 'Real Analysis II', 4, (SELECT id FROM streams WHERE name = 'Computer Science and Applied Mathematics'), 5, 'Advanced topics in real analysis including measure theory'),
('SSH711', 'SSH711', 'Data and Society', 4, (SELECT id FROM streams WHERE name = 'Computer Science and Social Sciences'), 5, 'Exploring the intersection of data science and societal impacts'),
('PSY307', 'PSY307', 'Neuroscience of Decision Making', 4, (SELECT id FROM streams WHERE name = 'Computer Science and Social Sciences'), 5, 'Understanding human decision-making processes using neuroscience'),
('ENT415', 'ENT415', 'Technology Entrepreneurship', 4, (SELECT id FROM streams WHERE name = 'Computer Science and Social Sciences'), 5, 'Introduction to entrepreneurship in technology-driven businesses'),
('BIO532', 'BIO532', 'Advanced Bioinformatics', 4, (SELECT id FROM streams WHERE name = 'Computer Science & Biosciences'), 5, 'Study of bioinformatics algorithms and computational techniques in biology'),
('SSH601', 'SSH601', 'Chinese Language', 4, (SELECT id FROM streams WHERE name = 'Computer Science and Social Sciences'), 5, 'Introduction to the Chinese language and basic communication skills'),
('CSE556', 'CSE556', 'Big Data Analytics', 4, (SELECT id FROM streams WHERE name = 'Computer Science and Engineering'), 5, 'Techniques and frameworks for processing and analyzing large-scale data'),
('CSE511', 'CSE511', 'Data Science', 4, (SELECT id FROM streams WHERE name = 'Computer Science and Engineering'), 5, 'Concepts and applications in data science, including statistical learning'),
('ECE528', 'ECE528', 'Fundamentals of Analog Electronics', 4, (SELECT id FROM streams WHERE name = 'Electronics & Communication Engineering'), 5, 'Introduction to analog circuit design and signal processing'),
('ECE531', 'ECE531', 'Control Automation', 4, (SELECT id FROM streams WHERE name = 'Electronics & Communication Engineering'), 5, 'Study of control system design and automation techniques'),
('ECE521', 'ECE521', 'Quantum Computing and Networks', 4, (SELECT id FROM streams WHERE name = 'Electronics & Communication Engineering'), 5, 'Exploration of quantum computing principles and quantum networking'),
('MTH533', 'MTH533', 'Statistical Pattern Analysis', 4, (SELECT id FROM streams WHERE name = 'Computer Science and Applied Mathematics'), 5, 'Study of statistical methods for pattern recognition and machine learning'),
('SSH612', 'SSH612', 'Foundations of Economics', 4, (SELECT id FROM streams WHERE name = 'Computer Science and Social Sciences'), 5, 'Introduction to economic principles and theories'),
('SSH622', 'SSH622', 'Corporate Innovation', 4, (SELECT id FROM streams WHERE name = 'Computer Science and Social Sciences'), 5, 'Study of innovation strategies in corporate environments'),
('BIO511', 'BIO511', 'Cell Biology and Biochemistry (PG)', 4, (SELECT id FROM streams WHERE name = 'Computer Science & Biosciences'), 5, 'Study of cell structure, function, and biochemical processes'),
('CSE525', 'CSE525', 'Introduction to Graduate Algorithms', 4, (SELECT id FROM streams WHERE name = 'Computer Science and Engineering'), 5, 'Advanced algorithmic techniques and problem-solving strategies'),
('DES305', 'DES305', '3D Animation Film Making', 4, (SELECT id FROM streams WHERE name = 'Computer Science and Design'), 5, 'Techniques and workflows for creating 3D animated films'),
('ECE314', 'ECE314', 'Digital VLSI Design', 4, (SELECT id FROM streams WHERE name = 'Electronics & Communication Engineering'), 5, 'Design principles and methodologies for VLSI circuits'),
('ECE564', 'ECE564', 'Reinforcement Learning', 4, (SELECT id FROM streams WHERE name = 'Electronics & Communication Engineering'), 5, 'Study of reinforcement learning algorithms and applications'),
('ECE539', 'ECE539', 'Wireless System Implementation', 4, (SELECT id FROM streams WHERE name = 'Electronics & Communication Engineering'), 5, 'Techniques for implementing and optimizing wireless communication systems'),
('MTH542', 'MTH542', 'Introduction to Functional Analysis', 4, (SELECT id FROM streams WHERE name = 'Computer Science and Applied Mathematics'), 5, 'Study of fundamental concepts in functional analysis'),
('ECO311', 'ECO311', 'Game Theory', 4, (SELECT id FROM streams WHERE name = 'Computer Science and Social Sciences'), 5, 'Mathematical modeling of strategic interactions in competitive environments'),
('SSH700', 'SSH700', 'Knowledge Production: Context and Concepts', 4, (SELECT id FROM streams WHERE name = 'Computer Science and Social Sciences'), 5, 'Exploration of knowledge production processes across disciplines'),
('ENT415', 'ENT415', 'New Venture Planning', 4, (SELECT id FROM streams WHERE name = 'Computer Science and Social Sciences'), 5, 'Fundamentals of developing and structuring new business ventures'),
('BIO514', 'BIO514', 'Foundations of Molecular Biology', 4, (SELECT id FROM streams WHERE name = 'Computer Science & Biosciences'), 5, 'Fundamental principles and techniques of molecular biology'),
('CSE421', 'CSE421', 'Distributed Programming', 4, (SELECT id FROM streams WHERE name = 'Computer Science and Engineering'), 5, 'Concepts and techniques for developing distributed systems and applications'),
('DES414', 'DES414', 'User Experience Research', 4, (SELECT id FROM streams WHERE name = 'Computer Science and Design'), 5, 'Methods and strategies for conducting UX research in design projects'),
('ECE312', 'ECE312', 'Digital Signal Processing', 4, (SELECT id FROM streams WHERE name = 'Electronics & Communication Engineering'), 5, 'Fundamentals of digital signal processing and applications in communication systems'),
('ECE431', 'ECE431', 'VLSI Design Fundamentals', 4, (SELECT id FROM streams WHERE name = 'Electronics & Communication Engineering'), 5, 'Basic principles and methodologies in VLSI system design'),
('CSE524', 'CSE524', 'Compiler Architecture', 4, (SELECT id FROM streams WHERE name = 'Computer Science and Engineering'), 5, 'Study of compiler structures, optimizations, and back-end processing'),
('MTH526', 'MTH526', 'Topics in Mathematical Analysis', 4, (SELECT id FROM streams WHERE name = 'Computer Science and Applied Mathematics'), 5, 'Advanced topics in mathematical analysis and real function theory'),
('ECO321', 'ECO321', 'Behavioral Economics', 4, (SELECT id FROM streams WHERE name = 'Computer Science and Social Sciences'), 5, 'Study of psychological factors affecting economic decision-making'),
('SSH512', 'SSH512', 'Sociology of Education', 4, (SELECT id FROM streams WHERE name = 'Computer Science and Social Sciences'), 5, 'Exploration of social aspects influencing education systems'),
('MTH542', 'MTH542', 'Mathematical Logic', 4, (SELECT id FROM streams WHERE name = 'Computer Science and Applied Mathematics'), 5, 'Study of logic and its applications in mathematical reasoning'),
('CSE502A', 'CSE502A', 'Machine Learning - Section A', 4, (SELECT id FROM streams WHERE name = 'Computer Science and Engineering'), 5, 'Introduction to machine learning techniques and algorithms'),
('CSE502B', 'CSE502B', 'Machine Learning - Section B', 4, (SELECT id FROM streams WHERE name = 'Computer Science and Engineering'), 5, 'Introduction to machine learning techniques and algorithms'),
('ECE543', 'ECE543', 'Design and Verification of Processors', 4, (SELECT id FROM streams WHERE name = 'Electronics & Communication Engineering'), 5, 'Study of microprocessor design, verification, and testing methodologies'),
('DES518', 'DES518', 'Advanced Topics in Design', 4, (SELECT id FROM streams WHERE name = 'Computer Science and Design'), 5, 'Exploration of advanced design methodologies and emerging trends'),
('CSE544', 'CSE544', 'Intelligent Robotics', 4, (SELECT id FROM streams WHERE name = 'Computer Science and Engineering'), 5, 'Introduction to robotic perception, planning, and AI-driven control'),
('MTH532', 'MTH532', 'Game AI', 4, (SELECT id FROM streams WHERE name = 'Computer Science and Applied Mathematics'), 5, 'Study of artificial intelligence in game development and decision-making'),
('SSH612', 'SSH612', 'Law and Legal Methods', 4, (SELECT id FROM streams WHERE name = 'Computer Science and Social Sciences'), 5, 'Fundamentals of legal reasoning and the structure of legal systems'),
('CSE301', 'CSE301', 'Object-Oriented Programming and Design', 4, (SELECT id FROM streams WHERE name = 'Computer Science and Engineering, Electronics & Communication Engineering'), 5, 'Concepts of object-oriented programming and software design principles')
ON CONFLICT (id) DO NOTHING;

-- Semester 5 Prerequisites (basic prerequisites might require further definition as courses)
INSERT INTO public.course_prerequisites (course_id, prerequisite_id)
VALUES
('CSE320', 'CSE102A'),
('CSE320', 'CSE102B'),
('CSE530', 'CSE320'),
('CSE502', 'CSE201A'),
('CSE502', 'CSE201B'),
('CSE507', 'CSE320'),
('SSH614', NULL),
('ECE518', 'ECE312'),
('ECE550', null),
('MTH541', 'MTH340'),
('CSE535', NULL),
('ECE512', null),
('ECE509', 'ECE312'),
('BIO361', NULL),
('CSE546', 'CSE342'),
('CSE634', 'CSE201A'),
('CSE634', 'CSE201B'),
('DES534', NULL),
('ECE677', 'ECE564'),
('ECE524', NULL),
('MTH523', 'MTH340'),
('SSH513', NULL),
('ECO301', NULL),
('BIO551A', NULL),
('CSE512', 'CSE201A'),
('CSE512', 'CSE201B'),
('CSE514', 'CSE201A'),
('CSE514', 'CSE201B'),
('CSE521', 'CSE320'),
('ECE533', 'ECE312'),
('ECE523', 'ECE551'),
('ECE511', 'ECE312'),
('ECE542', 'ECE312'),
('DES522', NULL),
('MTH531', 'MTH340'),
('SSH623', NULL),
('BIO542', NULL),
('CSE232', NULL),
('ECE551', NULL),
('MTH340', NULL),
('SSH711', NULL),
('PSY307', NULL),
('ENT415', NULL),
('BIO532', NULL),
('SSH601', NULL),
('CSE556', 'CSE320'),
('CSE511', 'CSE201A'),
('CSE511', 'CSE201B'),
('ECE528', 'ECE211'),
('ECE531', 'ECE312'),
('ECE521', 'ECE230'),
('MTH533', 'MTH340'),
('SSH612', NULL),
('SSH622', NULL),
('BIO511', NULL),
('CSE525', 'CSE201A'),
('CSE525', 'CSE201B'),
('DES305', NULL),
('ECE314', 'ECE211'),
('ECE564', 'ECE551'),
('ECE539', 'ECE531'),
('MTH542', 'MTH340'),
('ECO311', NULL),
('SSH700', NULL),
('ENT415', NULL),
('BIO514', NULL),
('CSE421', 'CSE320'),
('DES414', NULL),
('ECE312', 'ECE211'),
('ECE431', 'ECE314'),
('CSE524', 'CSE320'),
('MTH526', 'MTH340'),
('ECO321', NULL),
('SSH512', NULL),
('MTH542', 'MTH340'),
('CSE502A', 'CSE201A'),
('CSE502A', 'CSE201B'),
('CSE502B', 'CSE201B'),
('CSE502B', 'CSE201A'),
('ECE543', 'ECE312'),
('DES518',NULL),
('CSE544', 'CSE320'),
('MTH532', 'MTH340'),
('SSH612',NULL),
('SSH622',NULL),
('CSE301', 'CSE102A'),
('CSE301', 'CSE102B')
ON CONFLICT (course_id, prerequisite_id) DO NOTHING;

-- Semester 5 Course Schedules
INSERT INTO public.course_schedules (course_id, day, start_time, end_time)
VALUES
('CSE320', 'Sunday','11:00', '12:00'),
('CSE530', 'Tuesday', '09:30', '11:00'),
('CSE530', 'Thursday', '09:30', '11:00'),
('CSE502', 'Tuesday', '09:30', '11:00'),
('CSE502', 'Thursday', '09:30', '11:00'),
('CSE507', 'Tuesday', '09:30', '11:00'),
('CSE507', 'Thursday', '09:30', '11:00'),
('SSH614', 'Tuesday', '09:30', '11:00'),
('SSH614', 'Thursday', '09:30', '11:00'),
('ECE518', 'Tuesday', '09:30', '11:00'),
('ECE518', 'Thursday', '09:30', '11:00'),
('ECE550', 'Tuesday', '09:30', '11:00'),
('ECE550', 'Thursday', '09:30', '11:00'),
('MTH541', 'Tuesday', '09:30', '11:00'),
('MTH541', 'Thursday', '09:30', '11:00'),
('CSE535', 'Tuesday', '09:30', '11:00'),
('CSE535', 'Thursday', '09:30', '11:00'),
('ECE512', 'Tuesday', '09:30', '11:00'),
('ECE512', 'Thursday', '09:30', '11:00'),
('ECE509', 'Tuesday', '09:30', '11:00'),
('ECE509', 'Thursday', '09:30', '11:00'),
('BIO361', 'Monday', '11:00', '12:30'),
('BIO361', 'Thursday', '11:00', '12:30'),
('CSE546', 'Monday', '11:00', '12:30'),
('CSE546', 'Thursday', '11:00', '12:30'),
('CSE634', 'Monday', '11:00', '12:30'),
('CSE634', 'Thursday', '11:00', '12:30'),
('DES534', 'Monday', '11:00', '12:30'),
('DES534', 'Thursday', '11:00', '12:30'),
('ECE677', 'Monday', '11:00', '12:30'),
('ECE677', 'Thursday', '11:00', '12:30'),
('ECE524', 'Monday', '11:00', '12:30'),
('ECE524', 'Thursday', '11:00', '12:30'),
('MTH523', 'Monday', '11:00', '12:30'),
('MTH523', 'Thursday', '11:00', '12:30'),
('SSH513', 'Monday', '11:00', '12:30'),
('SSH513', 'Thursday', '11:00', '12:30'),
('ECO301', 'Monday', '11:00', '12:30'),
('ECO301', 'Thursday', '11:00', '12:30'),
('BIO551A', 'Monday', '11:00', '12:30'),
('BIO551A', 'Thursday', '11:00', '12:30'),
('CSE512', 'Tuesday', '15:00', '16:30'),
('CSE512', 'Thursday', '15:00', '16:30'),
('CSE514', 'Tuesday', '15:00', '16:30'),
('CSE514', 'Thursday', '15:00', '16:30'),
('CSE521', 'Tuesday', '15:00', '16:30'),
('CSE521', 'Thursday', '15:00', '16:30'),
('ECE533', 'Tuesday', '15:00', '16:30'),
('ECE533', 'Thursday', '15:00', '16:30'),
('ECE523', 'Tuesday', '15:00', '16:30'),
('ECE523', 'Thursday', '15:00', '16:30'),
('ECE511', 'Tuesday', '15:00', '16:30'),
('ECE511', 'Thursday', '15:00', '16:30'),
('ECE542', 'Tuesday', '15:00', '16:30'),
('ECE542', 'Thursday', '15:00', '16:30'),
('DES522', 'Tuesday', '15:00', '16:30'),
('DES522', 'Thursday', '15:00', '16:30'),
('MTH531', 'Tuesday', '15:00', '16:30'),
('MTH531', 'Thursday', '15:00', '16:30'),
('SSH623', 'Tuesday', '15:00', '16:30'),
('SSH623', 'Thursday', '15:00', '16:30'),
('BIO542', 'Monday', '09:30', '11:00'),
('BIO542', 'Wednesday', '09:30', '11:00'),
('CSE232', 'Monday', '09:30', '11:00'),
('CSE232', 'Wednesday', '09:30', '11:00'),
('ECE551', 'Monday', '09:30', '11:00'),
('ECE551', 'Wednesday', '09:30', '11:00'),
('MTH340', 'Monday', '09:30', '11:00'),
('MTH340', 'Wednesday', '09:30', '11:00'),
('SSH711', 'Monday', '09:30', '11:00'),
('SSH711', 'Wednesday', '09:30', '11:00'),
('PSY307', 'Monday', '09:30', '11:00'),
('PSY307', 'Wednesday', '09:30', '11:00'),
('ENT415', 'Monday', '09:30', '11:00'),
('ENT415', 'Wednesday', '09:30', '11:00'),
('BIO532', 'Tuesday', '11:00', '12:30'),
('BIO532', 'Friday', '11:00', '12:30'),
('SSH601', 'Tuesday', '11:00', '12:30'),
('SSH601', 'Friday', '11:00', '12:30'),
('CSE556', 'Tuesday', '11:00', '12:30'),
('CSE556', 'Friday', '11:00', '12:30'),
('CSE511', 'Tuesday', '11:00', '12:30'),
('CSE511', 'Friday', '11:00', '12:30'),
('ECE528', 'Tuesday', '11:00', '12:30'),
('ECE528', 'Friday', '11:00', '12:30'),
('ECE531', 'Tuesday', '11:00', '12:30'),
('ECE531', 'Friday', '11:00', '12:30'),
('ECE521', 'Tuesday', '11:00', '12:30'),
('ECE521', 'Friday', '11:00', '12:30'),
('MTH533', 'Tuesday', '11:00', '12:30'),
('MTH533', 'Friday', '11:00', '12:30'),
('SSH612', 'Tuesday', '11:00', '12:30'),
('SSH612', 'Friday', '11:00', '12:30'),
('SSH622', 'Tuesday', '11:00', '12:30'),
('SSH622', 'Friday', '11:00', '12:30'),
('BIO511', 'Monday', '15:00', '16:30'),
('BIO511', 'Wednesday', '15:00', '16:30'),
('CSE525', 'Monday', '15:00', '16:30'),
('CSE525', 'Wednesday', '15:00', '16:30'),
('DES305', 'Monday', '15:00', '16:30'),
('DES305', 'Wednesday', '15:00', '16:30'),
('ECE314', 'Monday', '15:00', '16:30'),
('ECE314', 'Wednesday', '15:00', '16:30'),
('ECE564', 'Monday', '15:00', '16:30'),
('ECE564', 'Wednesday', '15:00', '16:30'),
('ECE539', 'Monday', '15:00', '16:30'),
('ECE539', 'Wednesday', '15:00', '16:30'),
('MTH542', 'Monday', '15:00', '16:30'),
('MTH542', 'Wednesday', '15:00', '16:30'),
('ECO311', 'Monday', '15:00', '16:30'),
('ECO311', 'Wednesday', '15:00', '16:30'),
('SSH700', 'Monday', '15:00', '16:30'),
('SSH700', 'Wednesday', '15:00', '16:30'),
('ENT415', 'Monday', '15:00', '16:30'),
('ENT415', 'Wednesday', '15:00', '16:30'),
('BIO514', 'Monday', '16:30', '18:00'),
('BIO514', 'Wednesday', '16:30', '18:00'),
('CSE421', 'Monday', '16:30', '18:00'),
('CSE421', 'Wednesday', '16:30', '18:00'),
('DES414', 'Monday', '16:30', '18:00'),
('DES414', 'Wednesday', '16:30', '18:00'),
('ECE312', 'Monday', '16:30', '18:00'),
('ECE312', 'Wednesday', '16:30', '18:00'),
('ECE431', 'Monday', '16:30', '18:00'),
('ECE431', 'Wednesday', '16:30', '18:00'),
('CSE524', 'Monday', '16:30', '18:00'),
('CSE524', 'Wednesday', '16:30', '18:00'),
('MTH526', 'Monday', '16:30', '18:00'),
('MTH526', 'Wednesday', '16:30', '18:00'),
('ECO321', 'Monday', '16:30', '18:00'),
('ECO321', 'Wednesday', '16:30', '18:00'),
('SSH512', 'Monday', '16:30', '18:00'),
('SSH512', 'Wednesday', '16:30', '18:00'),
('MTH542', 'Monday', '16:30', '18:00'),
('MTH542', 'Wednesday', '16:30', '18:00'),
('CSE502A', 'Tuesday', '16:30', '18:00'),
('CSE502A', 'Thursday', '16:30', '18:00'),
('CSE502B', 'Tuesday', '16:30', '18:00'),
('CSE502B', 'Thursday', '16:30', '18:00'),
('ECE543', 'Tuesday', '16:30', '18:00'),
('ECE543', 'Thursday', '16:30', '18:00'),
('DES518', 'Tuesday', '16:30', '18:00'),
('DES518', 'Thursday', '16:30', '18:00'),
('CSE544', 'Tuesday', '16:30', '18:00'),
('CSE544', 'Thursday', '16:30', '18:00'),
('MTH532', 'Tuesday', '16:30', '18:00'),
('MTH532', 'Thursday', '16:30', '18:00'),
('SSH612', 'Tuesday', '16:30', '18:00'),
('SSH612', 'Thursday', '16:30', '18:00'),
('CSE301', 'Monday', '18:00', '19:30'),
('CSE301', 'Wednesday', '18:00', '19:30')
ON CONFLICT DO NOTHING;

-- -- Semester 6 Courses
-- INSERT INTO public.courses (id, code, name, credits, stream_id, semester, description)
-- VALUES

-- ON CONFLICT (id) DO NOTHING;

-- -- Semester 6 Prerequisites (basic prerequisites might require further definition as courses)
-- INSERT INTO public.course_prerequisites (course_id, prerequisite_id)
-- VALUES

-- ON CONFLICT (course_id, prerequisite_id) DO NOTHING;

-- -- Semester 6 Course Schedules
-- INSERT INTO public.course_schedules (course_id, day, start_time, end_time)
-- VALUES

-- ON CONFLICT DO NOTHING;

-- -- Semester 7 Courses
-- INSERT INTO public.courses (id, code, name, credits, stream_id, semester, description)
-- VALUES

-- ON CONFLICT (id) DO NOTHING;

-- -- Semester 7 Prerequisites (basic prerequisites might require further definition as courses)
-- INSERT INTO public.course_prerequisites (course_id, prerequisite_id)
-- VALUES

-- ON CONFLICT (course_id, prerequisite_id) DO NOTHING;

-- -- Semester 7 Course Schedules
-- INSERT INTO public.course_schedules (course_id, day, start_time, end_time)
-- VALUES

-- ON CONFLICT DO NOTHING;

-- -- Semester 8 Courses
-- INSERT INTO public.courses (id, code, name, credits, stream_id, semester, description)
-- VALUES

-- ON CONFLICT (id) DO NOTHING;

-- -- Semester 8 Prerequisites (basic prerequisites might require further definition as courses)
-- INSERT INTO public.course_prerequisites (course_id, prerequisite_id)
-- VALUES

-- ON CONFLICT (course_id, prerequisite_id) DO NOTHING;

-- -- Semester 8 Course Schedules
-- INSERT INTO public.course_schedules (course_id, day, start_time, end_time)
-- VALUES

-- ON CONFLICT DO NOTHING;